{"cameraMode":{"drawMode":0,"name":"Shaded","section":"Shading Mode"},"sceneLighting":true,"audioPlay":false,"sceneViewState":{"showFog":false,"showMaterialUpdate":false,"showSkybox":false,"showFlares":false,"showImageEffects":false,"showParticleSystems":false},"in2DMode":false,"pivot":{"x":0.1709478795528412,"y":-3.340240478515625,"z":3.374450922012329},"rotation":{"x":-0.0012562097981572152,"y":0.7211800217628479,"z":-0.6927703022956848,"w":-0.001326615223661065},"size":37.43452072143555,"orthographic":false}