{"cameraMode":{"drawMode":0,"name":"Shaded","section":"Shading Mode"},"sceneLighting":false,"audioPlay":false,"sceneViewState":{"showFog":false,"showMaterialUpdate":false,"showSkybox":false,"showFlares":false,"showImageEffects":false,"showParticleSystems":false},"in2DMode":false,"pivot":{"x":-0.3377474248409271,"y":0.7365533709526062,"z":0.4686637818813324},"rotation":{"x":0.10750127583742142,"y":0.8463239669799805,"z":-0.4871707856655121,"w":0.18673837184906007},"size":2.3349101543426515,"orthographic":false}