{"cameraMode":{"drawMode":0,"name":"Shaded","section":"Shading Mode"},"sceneLighting":false,"audioPlay":false,"sceneViewState":{"showFog":false,"showMaterialUpdate":false,"showSkybox":false,"showFlares":false,"showImageEffects":false,"showParticleSystems":false},"in2DMode":false,"pivot":{"x":5.6188249588012699,"y":-7.118095874786377,"z":-17.567136764526368},"rotation":{"x":0.027942273765802385,"y":0.9720384478569031,"z":-0.16966816782951356,"w":0.16003179550170899},"size":22.0,"orthographic":false}